mensaje_completo,categoria_predicha,prioridad_predicha
"solicitud cliente nunca lleg√≥ y no me contestaba los
mensajes , lo odio 0 recomendando ‚Ä¶ pd3: feliz a√±o !",problemas con el viaje,alta
llamada a conductor desde historial contactar,otros problemas,baja
solicitud cliente uso tel√©fono hablo/chat,problemas de seguridad,inmediata
solicitud cliente cancel√≥ solicitud,problemas con el viaje,alta
solicitud conductor exceso de pasajeros no se atendi√≥ solicitud,otros problemas,baja
"solicitud cliente dijo no que era el taxi cuando si era, aplic√≥ pero no quiso llevarme d√≥nde yo necesitaba ir  cancel√≥ solicitud",problemas con el viaje,alta
"solicitud conductor se hace la burla, a esta clase de gente deber√≠amos publicarlos en las redes sociales,",otros problemas,baja
"solicitud cliente nunca lleg√≥, muy mal q acepten las solicitudes y no lleguen",problemas con el viaje,alta
pre-registro #1753657343  #estoydispuestoalcambio  #quieroserconductor | cliente para trasladarme a varios sitios,mensaje de operador,baja
solicitud conductor el cliente no quiere pagar lo justo,problemas con el pago,inmediata
solicitud conductor el cliente no sali√≥ ni tampoco me respondi√≥ los sms,problemas con el viaje,alta
solicitud conductor no contesta tel√©fono,problemas con el viaje,alta
solicitud conductor no contesta el tengo,problemas con el viaje,alta
carrera shopping el coral,otros problemas,baja
solicitud cliente nunca lleg√≥,problemas con el viaje,alta
solicitud conductor bien,otros problemas,baja
flete  carrera,otros problemas,baja
solicitud conductor nunca sali√≥ y puso q estaba todo,problemas con el viaje,alta
solicitud conductor el cliente esta x lado,otros problemas,baja
solicitud cliente cobro inadecuado,problemas con el pago,inmediata
urgente un taxi  por favor que si hay una unidad,otros problemas,baja
solicitud cliente no quiso llevar a la direcci√≥n indicada,problemas con el viaje,alta
solicitud conductor mala ubicaci√≥n,problemas con la cuenta/app,alta
solicitud conductor no responde mando mensaje tampoco contesta,problemas con el viaje,alta
solicitud conductor se fue en otro taxi,problemas con el viaje,alta
pre-registro #43688065  #estoydispuestoalcambio  #quieroserconductor | servicio de taxi a clienteciudad:chiclayo |,mensaje de operador,baja
pre-registro #1104903743  #estoydispuestoalcambio  #quieroserconductor | port√≥n negro,mensaje de operador,baja
pre-registro #1104903743  #estoydispuestoalcambio  #quieroserconductor | celi rom√°n,mensaje de operador,baja
solicitud conductor no contesta el cliente,problemas con el viaje,alta
solicitud conductor ya se fueeee,problemas con el viaje,alta
solicitud cliente llev√≥ otro cliente  actitud desagradable  nunca lleg√≥,problemas de comportamiento,urgente
carrera costo de la carrera al desquite,problemas con el pago,inmediata
solicitud cliente llev√≥ otro cliente,problemas con el viaje,alta
solicitud conductor no,otros problemas,baja
pre-registro #18611582  #estoydispuestoalcambio  #quieroserconductor | xq no se permite ciudad:cuenca  |,mensaje de operador,baja
solicitud conductor el cliente esta x otro lado,problemas con el viaje,alta
solicitud conductor el cliente no contesta el tel√©fono,problemas con el viaje,alta
solicitud conductor no espera,problemas con el viaje,alta
solicitud conductor cliente no espera m√°s hace pasar tiempo actitud desagradable,problemas de comportamiento,urgente
pre-registro #72033731  #estoydispuestoalcambio  #quieroserconductor | quiero un servicio de taxi para movilizarme ciudad:chiclayo  |,mensaje de operador,baja
solicitud cliente no llego   nunca lleg√≥,problemas con el viaje,alta
solicitud conductor el cliente no desea la carrera,problemas con el viaje,alta
solicitud cliente asco de sujeto  actitud desagradable,problemas de comportamiento,urgente
solicitud cliente quiere llevar sin tax√≠metro,problemas con el pago,inmediata
solicitud conductor el cliente se ha ido,problemas con el viaje,alta
objetos perdidosobjetos perdidos,problemas con el viaje,alta
solicitud conductor cliente se ido,problemas con el viaje,alta
solicitud cliente actitud desagradable  cancel√≥ solicitud,problemas con el viaje,alta
solicitud conductor nunca sali√≥ el cliente,problemas con el viaje,alta
solicitud conductor no sale el cliente,problemas con el viaje,alta
viaje  viaje,otros problemas,baja
solicitud conductor cliente se fue,problemas con el viaje,alta
solicitud conductor exceso de pasajeros,problemas de seguridad,inmediata
solicitud cliente cancel√≥ solicitud  nunca lleg√≥,problemas con el viaje,alta
solicitud conductor cliente no dese la unidad,problemas con el viaje,alta
solicitud cliente el conductor me dej√≥ y se fue   actitud desagradable,problemas de comportamiento,urgente
solicitud cliente p√©simo servicio llega donde no es y aparte  deja al cliente no lo espera p√©simo servicio   actitud desagradable  cancel√≥ solicitud,problemas de comportamiento,urgente
carrera urgente,otros problemas,baja
solicitud conductor no salio,problemas con el viaje,alta
solicitud cliente otro que no es serio,problemas con el pago,inmediata
solicitud cliente actitud desagradable,problemas de comportamiento,urgente
solicitud conductor malau ubicacion,problemas con la cuenta/app,alta
solicitud cliente llevo llev√≥ otro cliente   llev√≥ otro cliente,problemas de seguridad,inmediata
solicitud conductor direcci√≥n incorrecta,problemas con la cuenta/app,alta
solicitud conductor no sale,problemas con el viaje,alta
solicitud cliente mal servicio ya que se quer√≠a pasar y quer√≠a cobrar de m√°s,problemas con el pago,inmediata
solicitud conductor el cliente no sale,problemas con el viaje,alta
solicitud cliente quiso subir m√°s el precio incluso cuando cobro m√°s de lo que com√∫nmente cobran.,problemas con el pago,inmediata
no hay delyberh no hay delivery,otros problemas,baja
solicitud conductor el cliente no desea el taxi,problemas con la cuenta/app,alta
solicitud conductor c,otros problemas,baja
carrera una carrera por favor,otros problemas,baja
solicitud conductor gngjhjjhjjjjjj,otros problemas,baja
solicitud conductor ya no necesita indica,problemas con el viaje,alta
solicitud conductor no contesta la clienta,problemas con el viaje,alta
solicitud conductor no contesta la clienta de 19,problemas con el viaje,alta
"solicitud cliente precio de carrera excesivo por fin de a√±o, carrera m√≠nima cobra 5 d√≥lares, estafador, p√©simo servicio",problemas con el pago,inmediata
solicitud conductor el cliente est√° demasiado ebrio,problemas de seguridad,inmediata
solicitud conductor cliente no sale,problemas con el viaje,alta
solicitud conductor cancela,problemas con el viaje,alta
solicitud cliente p√©simo servicio   nunca lleg√≥,problemas con el viaje,alta
solicitud cliente p√©simo    cancel√≥ solicitud,problemas con el viaje,alta
solicitud conductor borracho el se√±or,problemas de seguridad,inmediata
solicitud conductor sea m√°s serio me hace esperar y se va en otro taxi,problemas con el viaje,alta
solicitud cliente cobro un valor que no coincid√≠a con el tax√≠metro,problemas con el pago,inmediata
solicitud conductor cliente pide taxi cuando lleg√≥ me dise que ya  desea ser m√°s serios uno deja  todo por atender al cliente,problemas con el viaje,alta
solicitud conductor espere y jam√°s salio,problemas con el viaje,alta
solicitud cliente se fue x otro lado  nunca lleg√≥,problemas con el viaje,alta
solicitud cliente quiere cobrar excesivamente   actitud desagradable,problemas de comportamiento,urgente
"solicitud cliente elev√≥ el costo mpor encima se lo establecido en la aplicacion velocidad excesiva, actitud desagradable",problemas con el pago,inmediata
solicitud cliente cobro indebido pone el precio que quiera cuidado con esta persona no hace bien su trabajo  inventa su precio no pone el tax√≠metro si no se le dice etc  actitud desagradable,problemas con el pago,inmediata
solicitud conductor mal ubicado gps,problemas con la cuenta/app,alta
solicitud conductor estado etilico,problemas de seguridad,inmediata
solicitud conductor llama y no sale,problemas con el viaje,alta
solicitud conductor cliente dice que nunca pide por el servicio de mascotas por que le quieren  obrar 1 d√≥lar m√°s que es normal por llevar un perro üêï  y que porque le cobro tarifa nocturna  si ya son las 4 am,problemas con el pago,inmediata
solicitud conductor no salio ni contesta,problemas con el viaje,alta
solicitud conductor 5 pasajeros y molestos,problemas con el viaje,alta
solicitud conductor stan jugando con el aplicativo,problemas de comportamiento,urgente
solicitud cliente veh√≠culo incorrecto,problemas con el viaje,alta
solicitud conductor el cliente dice que no ha solicitado taxi,problemas con el viaje,alta
solicitud conductor cancelo la carrera,problemas con el viaje,alta
solicitud cliente precio elevado,problemas con el pago,inmediata
solicitud conductor solicita degana,problemas de comportamiento,urgente
carrera precio  cu√°nto cuesta la carrera a c√°ba√±as del pescador  v√≠a al cajas desde cuenca,otros problemas,baja
solicitud cliente me quiso cobrar 5$ m√°s por llegar,otros problemas,baja
llamada a conductor desde historial necesito taxi,otros problemas,baja
solicitud conductor no salem,problemas con el viaje,alta
solicitud cliente velocidad excesiva,problemas de seguridad,inmediata
"solicitud cliente no es posible, me hizo perder el tiempo nunca lleg√≥",problemas de comportamiento,urgente
solicitud cliente >:(  actitud desagradable  cancel√≥ solicitud  nunca lleg√≥,problemas de comportamiento,urgente
solicitud conductor hacer envano a monsefu,otros problemas,baja
solicitud conductor esta demasiado borracho,problemas de seguridad,inmediata
"solicitud conductor cliente indica que ya se encuentra abordo, pero sin embargo no lo est√° y no sale",problemas con el viaje,alta
solicitud conductor nunca sali√≥ mejor cancel√≥ la carrera,problemas con el viaje,alta
regreso a casa buenas noches necesito un taxi,otros problemas,baja
taxi  no cuenta con carro propio,problemas con el viaje,alta
solicitud conductor se fue en otra unidad no espero el tiempo que se le dio,problemas con el viaje,alta
solicitud conductor ya se ha ido,problemas con el viaje,alta
"solicitud cliente no quiere ir a la direcci√≥n que se le indica, porque menciona ganar m√°s en carreras por el centro",problemas de comportamiento,urgente
solicitud conductor no responde las llamadas,problemas con el viaje,alta
solicitud cliente abusivo en el precio    actitud desagradable,problemas con el pago,inmediata
solicitud conductor no actualiza ubicacion,problemas con el viaje,alta
solicitud cliente no llego,problemas con el viaje,alta
solicitud cliente se fue a otra direcci√≥n   nunca lleg√≥,problemas con el viaje,alta
carrera patios de la polic√≠a de la burneo,otros problemas,baja
quiero un taxi  tengo desde las cuatro la de la ma√±ana intentando coger taxi ayudemen porfa,otros problemas,baja
solicitud conductor jshshgshsjsuj,otros problemas,baja
solicitud conductor cliente amenaza que es trabajadora del alcalde y no sabe respeto pues no deber√≠a haber clientes as√≠,problemas de comportamiento,urgente
nuevo amaneser nuevo amanesre,otros problemas,baja
solicitud conductor cliente no responde la llamada,problemas con el viaje,alta
solicitud cliente p√©simo servicio de parte del conductor,problemas de comportamiento,urgente
solicitud conductor el cliente toma otro taxi,problemas con el viaje,alta
solicitud conductor no espero el tiempo k indico,problemas con el viaje,alta
"solicitud conductor cliente dio direcci√≥n equivocada y env√≠o su ubicaci√≥n en tiempo real al conductor la cual era un tramo m√°s largo, se le cobro un adicional por la distancia y por ocasionar da√±os con su mascota (perro) dejando rayas en puerta trasera del veh√≠culo.",problemas con el viaje,alta
solicitud conductor no respo,problemas con el viaje,alta
solicitud conductor problema mec√°nico,problemas de seguridad,inmediata
taxti en la  eskias,otros problemas,baja
solicitud conductor la chica pide taxi para mandar a otra persona a playa grande a la tercera a la izquierda eso es sector 101 y no se puede ingresar le cancel√© la carrera,problemas con el viaje,alta
solicitud conductor cliente en estado et√≠lico,problemas de seguridad,inmediata
carrera por  favor una carrera,otros problemas,baja
solicitud conductor no contesta y no sale el cliente,problemas con el viaje,alta
solicitud conductor mal la ubicaci√≥n,problemas con la cuenta/app,alta
solicitud conductor la cliente no contesta,problemas con el viaje,alta
solicitud conductor no sale nadiee,problemas con el viaje,alta
solicitud conductor no quiso el servicio,problemas con el viaje,alta
solicitud cliente no supo esperar,problemas con el viaje,alta
carrera al terminal una carrera,otros problemas,baja
solicitud conductor cancela ya llegando,problemas con el viaje,alta
solicitud conductor clientes en estado de ebriedad pele√°ndose,problemas de seguridad,inmediata
solicitud conductor no espera cancela,problemas con el viaje,alta
solicitud conductor no responde el cliente ya le cancelo,problemas con el viaje,alta
"solicitud conductor dice que ya sale y me tiene esperando ya 10mints ahora ya no responde, hace perder el tiempo teniendo m√°s clientes en espera",problemas con el viaje,alta
solicitud cliente excelente,otros problemas,baja
solicitud cliente maloo  actitud desagradable  cancel√≥ solicitud  nunca lleg√≥,problemas de comportamiento,urgente
solicitud conductor cliente acepta tiempo a medio camino cancela unidad,problemas con el viaje,alta
solicitud cliente llev√≥ otro cliente  nunca lleg√≥,problemas con el viaje,alta
solicitud conductor cancela cuando llego,problemas con el viaje,alta
 taxi buen d√≠a por favor hoy uno de enero hay servicio de taxis,otros problemas,baja
encomienda  no hay quien reciba es de urgencia,otros problemas,baja
solicitud conductor estando punto csncelo,problemas con el viaje,alta
solicitud conductor cliente no contesta,problemas con el viaje,alta
solicitud conductor no sali√≥ el pasajero,problemas con el viaje,alta
solicitud conductor quiere que siga en una pasada y le dije que no puedo,problemas con el viaje,alta
eliminar cuenta ning√∫n taxi acepta mi solicitud,problemas con la cuenta/app,alta
solicitud conductor 5 pasajeros,problemas de seguridad,inmediata
solicitud conductor no desea la unidad,problemas con el viaje,alta
solicitud conductor no salio w no tiene dinero,otros problemas,baja
solicitud conductor hace perder el tiempo,problemas de comportamiento,urgente
solicitud conductor cliente no sali√≥,problemas con el viaje,alta
solicitud conductor cliente se a ido,problemas con el viaje,alta
solicitud cliente nunca allego l aunidad le escrib√≠ y no contesto,problemas con el viaje,alta
solicitud cliente conductor irresponsable    nunca lleg√≥,problemas de comportamiento,urgente
solicitud conductor no verifica en la unidad q se sube,problemas con el viaje,alta
solicitud conductor clienta no sabe ni donde mismo,problemas con el viaje,alta
solicitud conductor cliente no zale,problemas con el viaje,alta
solicitud conductor mal puesta la ubicaci√≥n,problemas con la cuenta/app,alta
solicitud conductor nunca salio,problemas con el viaje,alta
solicitud conductor el cliente no sabe muy bien la direcci√≥n donde queda la funeraria,problemas con el viaje,alta
eliminar cuenta jkkhhh sjdkands. jaksja,problemas con la cuenta/app,alta
solicitud conductor de qu√© es la que se le pone el tax√≠metro al momento que sube la unidad se demoran en la casa hasta salir y hasta eso o sea que uno tiene que se arreglen y todo,problemas con el viaje,alta
solicitud conductor el cliente no responde,problemas con el viaje,alta
solicitud conductor jfjgigkgkhhihkhig,otros problemas,baja
eliminar cuenta no se como utilizar,problemas con la cuenta/app,alta
llamada a conductor desde historial otra carrera,otros problemas,baja
eliminar cuenta alguien tom√≥ mi tel√©fono anoche y pidi√≥ un taxi por ello deshabilit√≥ est√° aplicaci√≥n,problemas con la cuenta/app,alta
solicitud conductor no espwro y se fue en otro taxi,problemas con el viaje,alta
solicitud conductor cliente no responde. solicita en vano.,problemas con el viaje,alta
solicitud conductor no sale nadie m retiro del lugar,problemas con el viaje,alta
solicitud conductor no haga pasar el tiempo,problemas con el viaje,alta
solicitud cliente no llego la unidad,problemas con el viaje,alta
solicitud conductor no hay nadie,problemas con el viaje,alta
llamada a conductor desde historial olvido de pertenencia,objetos perdidos,urgente
eliminar cuenta no utilizo,problemas con la cuenta/app,alta
solicitud conductor cancela estando en el lugar,problemas con el viaje,alta
consulta  como puedo contactar a un taxista si el n√∫mero de la aplicaci√≥n no es el correcto,otros problemas,baja
llamada a conductor desde historial perdida de pertenencia,objetos perdidos,urgente
solicitud conductor se llega a la direcci√≥n y cancela la solicitud,problemas con el viaje,alta
solicitud cliente actitud desagradable  nunca lleg√≥,problemas de comportamiento,urgente
solicitud cliente mil disculpas,otros problemas,baja
solicitud conductor pasajero en estado de,otros problemas,baja
solicitud cliente no lleva a la licorera,otros problemas,baja
solicitud conductor cliente hace esperar y no sale luego indica q no le abren la puerta se le indica q me retiro,problemas con el viaje,alta
solicitud conductor no espero,problemas con el viaje,alta
solicitud cliente actitud desagradable  cancel√≥ solicitud  nunca lleg√≥,problemas con el viaje,alta
se me cayo el celular en el taxi por favor quisiera q el se√±or taxista me conteste el celular,objetos perdidos,urgente
perdida de celular el sr se llama v√≠ctor faican,objetos perdidos,urgente
solicitud conductor el cliente no salio,problemas con el viaje,alta
solicitud cliente no cumpli√≥,otros problemas,baja
pre-registro #1104903743  #estoydispuestoalcambio  #quieroserconductor | casa port√≥n negro,mensaje de operador,baja
solicitud conductor no hay nadie en el lugar,problemas con el viaje,alta
solicitud conductor mal ubicado,problemas con la cuenta/app,alta
solicitud conductor no tiene registrado,otros problemas,baja
consulta  como puedo contactar con el taxista si el n√∫mero no es el correcto,otros problemas,baja
solicitud conductor cancela carrera,problemas con el viaje,alta
solicitud cliente se fue,problemas con el viaje,alta
solicitud cliente mejorar todo   cancel√≥ solicitud,problemas con el viaje,alta
solicitud conductor borrachos peliando,problemas de seguridad,inmediata
solicitud conductor cliente acepta tiempo llego a la ubicaci√≥n seleccionada cancela unidad,problemas con el viaje,alta
solicitud conductor cabcela,otros problemas,baja
solicitud cliente no llego    nunca lleg√≥  llev√≥ otro cliente,problemas con el viaje,alta
solicitud conductor no coincide direcci√≥n,problemas con la cuenta/app,alta
solicitud cliente pesimo servicio nunca llego y encima insulta cuando se len pregunta si viene,problemas de comportamiento,urgente
solicitud cliente el peor servicio    nunca llego   nunca lleg√≥,problemas con el viaje,alta
solicitud conductor solicita la unidad y cancela ojo sr administrador con esta clienta,problemas con el viaje,alta
eliminar cuenta si estoy segura,problemas con la cuenta/app,alta
shjb se olvidaron unas ollas que me contacten,objetos perdidos,urgente
llamada a conductor desde historial celular olvidado,objetos perdidos,urgente
solicitud conductor se llega a la direcci√≥n y el cliente no sale,problemas con el viaje,alta
solicitud conductor gggggthyyyyt,otros problemas,baja
solicitud conductor pide unidad de x gusto,problemas con el viaje,alta
solicitud conductor nunca sali√≥ mal cliente,problemas con el viaje,alta
solicitud conductor el cliente no sale de la direcci√≥n dada,problemas con el viaje,alta
solicitud cliente me cobr√≥ excesivamente y parece que anda en estado et√≠lico   velocidad excesiva,problemas de seguridad,inmediata
solicitud conductor dice que esta abordo,problemas con el viaje,alta
solicitud conductor el cliente nunca salio,problemas con el viaje,alta
solicitud cliente nunca lleg√≥    nunca lleg√≥,problemas con el viaje,alta
solicitud cliente no lleg√≥   nunca lleg√≥,problemas con el viaje,alta
pregunta  buenas tardes disculpe hoy si hay servicio de taxis,otros problemas,baja
solicitud cliente no s√© fue x el camino solicitado,problemas de seguridad,inmediata
pre-registro #1150215562  #estoydispuestoalcambio  #quieroserconductor | me interesa la aplicaci√≥n,mensaje de operador,baja
solicitud cliente nose que paso mi abuelo dice que se a portado mal con el.   actitud desagradable,problemas de comportamiento,urgente
solicitud conductor no  kiera taco,otros problemas,baja
"solicitud conductor se, a ido el cliente",problemas con el viaje,alta
solicitud conductor mal direcci√≥n,problemas con la cuenta/app,alta
pre-registro #2351047234  #estoydispuestoalcambio  #quieroserconductor | necesito taxi,mensaje de operador,baja
solicitud cliente no acepto 5 pasajeros,problemas de seguridad,inmediata
solicitud cliente cobro 4 d√≥lares por la carrera,problemas con el pago,inmediata
solicitud cliente agarro rutas m√°s largas ya que somos turistas,problemas con el viaje,alta
solicitud conductor no quiere taxi,problemas con el viaje,alta
solicitud conductor cuando se encuentre lista pide el taxi,problemas con el viaje,alta
solicitud conductor me cancel√≥ el cliente,problemas con el viaje,alta
llamada a conductor desde historial necesito una unidad de taxi,otros problemas,baja
solicitud conductor cliente cancela la solicitud,problemas con el viaje,alta
solicitud conductor no  quiet taxi,otros problemas,baja
solicitud cliente cojio otra carrera,problemas con el viaje,alta
eliminar cuenta si por q quiero poner el nombre verdadero,problemas con la cuenta/app,alta
"solicitud cliente el tax√≠metro iba demasiado r√°pido, mal servicio cobr√≥ de m√°s.",problemas con el pago,inmediata
solicitud conductor bot√≥n desactivado,otros problemas,baja
eliminar cuenta cambia de cuenta,problemas con la cuenta/app,alta
solicitud conductor no espera y cancela p√©simo cliente,problemas con el viaje,alta
solicitud conductor hace venir al zool√≥gico y no contesta x favor eliminar,problemas con el viaje,alta
solicitud cliente vale vrg  llev√≥ otro cliente,vocabulario inadecuado,alta
solicitud conductor servicio negativo,problemas con el viaje,alta
"solicitud conductor no hay respuesta del cliente al llegar al lugar, se le llamo y nada",problemas con el viaje,alta
solicitud conductor el cliente se encuentra en otra ubicaci√≥n,problemas con el viaje,alta
solicitud cliente nunca. llego   nunca lleg√≥,problemas con el viaje,alta
solicitud conductor cliente se va en otra unidad no espera,problemas con el viaje,alta
solicitud conductor no actualizo la ubicacion,problemas con el viaje,alta
solicitud cliente no llego al tiempo indicado de espera,otros problemas,baja
solicitud conductor cliente pone mal la direcci√≥n,problemas con la cuenta/app,alta
solicitud cliente no vales para nada,problemas con el viaje,alta
solicitud conductor el cliente toma otro taxi hace pasar el tiempo y gastar recursos,problemas con el viaje,alta
perdida de celular  se queda el celular de jhuly jim√©nez,objetos perdidos,urgente
eliminar cuenta si  estoy seguro que quiero eliminar la cuenta xq,problemas con la cuenta/app,alta
precio excedi√≥  precio excedi√≥,problemas con el pago,inmediata
solicitud cliente excedido el precio del viaje.,problemas con el pago,inmediata
solicitud conductor mareada,problemas de seguridad,inmediata
solicitud conductor p√©simo cliente,problemas con el viaje,alta
solicitud conductor no responde llamadas ni sms....,problemas con el viaje,alta
solicitud conductor cliente no responde me retiro,problemas con el viaje,alta
pre-registro #9022450  #estoydispuestoalcambio  #quieroserconductor | explorar nuevas apps en tema laboral,mensaje de operador,baja
pre-registro #1207022458  #estoydispuestoalcambio  #quieroserconductor | quiero ayudar a transportar a los usuarios con tranquilidad y seguro,mensaje de operador,baja
solicitud cliente nunca lleg√≥ y contrario a acercarse a la direcci√≥n se fue a otro lado  nunca lleg√≥,problemas con el viaje,alta
solicitud conductor cliente cancela la carrera cuando se llega al lugar,problemas con el viaje,alta
solicitud conductor cancelo...,problemas con el viaje,alta
solicitud cliente casi siempre que utilizo el servicio demoran m√°s del tiempo que el conductor coloca y hacen un recorrido distinto a la ruta del cliente...mal servicio,problemas con el viaje,alta
solicitud conductor hace venird4 gana y no sale,problemas con el viaje,alta
solicitud cliente no llega a retirar al punto de destino.   llev√≥ otro cliente,problemas con el viaje,alta
solicitud cliente no llega,problemas con el viaje,alta
solicitud cliente lamentablemente por ser fin de a√±o quieren exagerar los precios y cobran lo que pr√°cticamente quiere. debe haber una regulaci√≥n de precios,problemas con el pago,inmediata
solicitud cliente maneja viendo el celular    velocidad excesiva,problemas de seguridad,inmediata
solicitud conductor pide  la unidas y no sale,problemas con el viaje,alta
solicitud conductor se realiz√≥ la carrera,problemas con el viaje,alta
"solicitud cliente lleg√≥ pero no me hizo el servicio, p√©simo",problemas con el viaje,alta
solicitud conductor cliente con actitud desagradable,problemas de comportamiento,urgente
solicitud conductor p√©simo estoy en el lugar y no sale y mejor dice q me retire no m√°s,problemas con el viaje,alta
solicitud conductor no sali√≥ el cliente,problemas con el viaje,alta
solicitud conductor cliente pone a bordo sin estar en la unidad,problemas con el viaje,alta
solicitud conductor no aparece el cliente,problemas con el viaje,alta
solicitud conductor p√©simo cliente no sale ni contesta la llamada me retiro,problemas con el viaje,alta
solicitud conductor son varias ocaciones que este se√±or clinte biene a estar faltando el respeyo eres hot porfavor bloquear  este tipo de cliente no vale la pena,otros problemas,baja
solicitud cliente cobra adicional por llevar a peritos,problemas con el pago,inmediata
solicitud conductor nunca contesto ni llamadas,problemas con el viaje,alta
solicitud conductor no me responde los mensajes ni la llamada ya esperando varios minutos,otros problemas,baja
"solicitud conductor muy mala ubicaci√≥n, me hace perder tiempo...",problemas con la cuenta/app,alta
solicitud cliente .,otros problemas,baja
solicitud conductor mucho se demora y no hay nadie,problemas con el viaje,alta
solicitud cliente mala no llego   nunca lleg√≥,problemas con el viaje,alta
solicitud conductor actitu,problemas de comportamiento,urgente
solicitud cliente muy caro,problemas con el pago,inmediata
solicitud conductor p√©simo clie. te,problemas con el viaje,alta
solicitud conductor m√°s hace pasar tiempo,otros problemas,baja
solicitud conductor hace pasar tiempo no sali√≥ le llamo contesta pero no dice nada se les hace que uno es burla,problemas con el viaje,alta
solicitud cliente no llego se fue a otro lado,problemas con el viaje,alta
solicitud conductor cliente cancela solicitud,problemas con el viaje,alta
pre-registro #0105044408  #estoydispuestoalcambio  #quieroserconductor | no se puede acceder directo ciudad:cuenca  |,mensaje de operador,baja
solicitud conductor pone mal direcci√≥n,problemas con la cuenta/app,alta
solicitud conductor grosero prepotente. se le llama y empieza a gritarme como loco,problemas de comportamiento,urgente
"solicitud conductor clienta demora demasiado en salir,  esper√© m√°s de 5min , nunca sali√≥",problemas con el viaje,alta
solicitud conductor me sali√≥ sali√≥ media molesta,problemas con el viaje,alta
solicitud cliente 000009  nunca lleg√≥,problemas de comportamiento,urgente
solicitud conductor el cliente no sali√≥,problemas con el viaje,alta
llamada a conductor desde historial olvido de cosas,objetos perdidos,urgente
solicitud conductor no responde,problemas con el viaje,alta
solicitud cliente olvido de cosas y no contedta el chofer,objetos perdidos,urgente
solicitud cliente mala,otros problemas,baja
solicitud cliente mucho demoraba,problemas con el viaje,alta
eliminar cuenta no la uso mucho,problemas con la cuenta/app,alta
solicitud cliente no llega    cancel√≥ solicitud,problemas con el viaje,alta
eliminar cuenta cambio d telefono,problemas con la cuenta/app,alta
solicitud conductor no sali√≥,problemas con el viaje,alta
solicitud conductor nunca apareci√≥ p√©simo cluente,problemas con el viaje,alta
solicitud cliente ...,otros problemas,baja
hola para taxi por favor para ver si puede venir a vernos,otros problemas,baja
solicitud conductor no sale ni contesta llamadas,problemas con el viaje,alta
solicitud conductor cliente no espera el tiempo  y adem√°s est√° mal la aplicaci√≥n botanlas carreras muy lejos no se llega a tiempo,problemas con el viaje,alta
solicitud conductor solicita el taxi y cancela en seguida,problemas con el viaje,alta
"solicitud cliente p√©simo me cobro m√°s de lo que marc√≥ el tax√≠metro, es un robo espero que haga algo contra estos p√©simos elementos",problemas con el pago,inmediata
solicitud conductor el cliente hace pasar tiempo y ni si quiera sale,problemas con el viaje,alta
solicitud conductor cliente no sale m√°s hace pasar tiempo esperando se le llama y no responde actitud desagradable,problemas con el viaje,alta
"***solicitud cliente no cumpli√≥ con la tarifa establecida, me cobr√≥ dem√°s. casi todo el trayecto hablando por tel√©fono actitud desagradable",problemas con el pago,inmediata
solicitud conductor cliente se ha ido en otro taxi,problemas con el viaje,alta
solicitud conductor solicito y  cancelo por las mismas la carrera,problemas con el viaje,alta
pre-registro #09603786146  #estoydispuestoalcambio  #quieroserconductor | deseo est√° aplicaci√≥n,mensaje de operador,baja
solicitud conductor no est√°,problemas con el viaje,alta
"solicitud cliente al finalizar servicio quiere cobrar m√°s de lo acordado, con escusa de feriado cobro inadecuado",problemas con el pago,inmediata
solicitud cliente llev√≥ otro cliente  cancel√≥ solicitud,problemas con el viaje,alta
"***solicitud cliente p√©simo servicio, nunca lleg√≥, una persona irresponsable, no lo recomiendo",problemas con el viaje,alta
solicitud cliente p√©simo servicio   llev√≥ otro cliente,problemas con el viaje,alta
solicitud cliente no llego en los 2 minutos   llev√≥ otro cliente,problemas con el viaje,alta
solicitud conductor no contesta la llamada,problemas con el viaje,alta
solicitud conductor cancela la carrera no bien llego,problemas con el viaje,alta
solicitud conductor estuvieron 5 pasajeros,problemas de seguridad,inmediata
solicitud cliente muy cara la tarifa,problemas con el pago,inmediata
solicitud cliente p√©simo nunca llega a la ubicaci√≥n,problemas con el viaje,alta
solicitud conductor no salioooooooooo,problemas con el viaje,alta
consulta de pagos saludos cordiales mi consulta es sobre si el pago con tarjeta de d√©bito se puede hacer en cualquier carrera en general o si hay un monto m√≠nimo de pago adicionalmente quisiera informar que intente cargar saldo azu taxi pero no me fue posible no se visualiza las opciones de compra gracias por la atenci√≥n,problemas con el pago,inmediata
solicitud cliente mal servicio,problemas con el viaje,alta
***solicitud cliente llev√≥ otro cliente  actitud desagradable  cancel√≥ solicitud  nunca lleg√≥,problemas con el viaje,alta
solicitud conductor mal cliente se cancela la solitud,problemas con el viaje,alta
solicitud cliente tomo otra carrera   nunca lleg√≥,problemas con el viaje,alta
"solicitud cliente mala actitud, mal trato",problemas de comportamiento,urgente
solicitud conductor pide y no sale me hace esperar y nuncasalio,problemas con el viaje,alta
pre-registro #2350935520  #estoydispuestoalcambio  #quieroserconductor | carreras a domicilio,mensaje de operador,baja
pre-registro #171224958515  #estoydispuestoalcambio  #quieroserconductor | nesesito carreras,mensaje de operador,baja
solicitud conductor cliente se fue no cpntestq,problemas con el viaje,alta
***necesito un taxi necesito un taxi urgente pero no es para mi ubicaci√≥n sino de otra persona que no tiene como contactar un taxi,otros problemas,baja
solicitud conductor cliente hac√© esperar para luego cancelar p√©simo,problemas con el viaje,alta
solicitud conductor este sr hace venir de aporgusto no enviar las unidades cancela la carrera,problemas con el viaje,alta
solicitud conductor tramposo no paga ni lo que sale el tax√≠metro malcriado y quiere agredir de  parroquia debe eliminar de la aplicin,problemas de comportamiento,urgente
solicitud conductor no puedo dirigirme xq ud no pone bien la direcci√≥n x eso no me puedo dirijir,problemas con la cuenta/app,alta
eliminar cuenta crear otra cuenta,problemas con la cuenta/app,alta
solicitar un unidad para el dia martes dos de enero a las cuatro y cuarenta de la ma√±ana  por favor me puede confirmar una unidad para el dia martes deos de enero a lad cuatro y cuatenta de la ma√±ana gracias,otros problemas,baja
solicitud conductor cliente no responde,problemas con el viaje,alta
solicitud cliente taxi lleg√≥ pero no nos llev√≥.   llev√≥ otro cliente,problemas con el viaje,alta
solicitud cliente nunca llego,problemas con el viaje,alta
solicitud cliente pesimo,problemas con el viaje,alta
solicitud cliente es un sapo meco,vocabulario inadecuado,alta
solicitud conductor cliente iro.,otros problemas,baja
solicitud conductor cliente no especifica ubicaci√≥n,problemas con la cuenta/app,alta
***solicitud cliente veh√≠culo incorrecto  actitud desagradable,problemas con el viaje,alta
solicitud conductor cancelo,problemas con el viaje,alta
solicitud conductor disculpe se me aplasto,otros problemas,baja
solicitud cliente mal servicio   actitud desagradable,problemas de comportamiento,urgente
solicitud conductor se pierde la ubicaci√≥n,problemas con la cuenta/app,alta
solicitud conductor cliente no sale demasiado tiempo esperando,problemas con el viaje,alta
solicitud cliente pendejo careverga 3 minutos dice la app pendejo gil,vocabulario inadecuado,alta
solicitud conductor cliente ya no sr encuentra en la ubicaci√≥n.. por favor bloquear por falta de seriedad,problemas con el viaje,alta
solicitud conductor estoy en el mismo sitio donde est√° la cliente y dice que no estoy me hace perder 15 minutos y cuando llegamos no tiene dinero para cancelar se pone a estar buscando a otras personas para que le paguen,problemas con el viaje,alta
solicitud cliente no lleg√≥,problemas con el viaje,alta
"solicitud cliente se fu√© por rutas m√°s largas para elevar el valor de la carrera, cobro excesivo
  actitud desagradable",problemas con el pago,inmediata
solicitud conductor cancela la carrera a una cuadra de llegar bloquear a este tipo de,problemas con el viaje,alta
solicitud conductor cliente no esta,problemas con el viaje,alta
eliminar cuenta no puedo usar,problemas con la cuenta/app,alta
norma  un taxi,otros problemas,baja
solicitud conductor borachos,problemas de seguridad,inmediata
solicitud conductor no esperado ya se fue,problemas con el viaje,alta
solicitud cliente tax√≠metro alterado,problemas con el pago,inmediata
solicitud conductor cliente pide taxi y luego cansela tomar en cuenta,problemas con el viaje,alta
solicitud cliente deja en peligro a las personas,problemas de comportamiento,urgente
solicitud conductor micna pude llwgar,otros problemas,baja
solicitud conductor no responder,problemas con el viaje,alta
solicitud conductor ingresa al momento de dar tiempo a otra y esta es muy  distante,problemas con el viaje,alta
"solicitud conductor hacen perder el tiempo,piden el ta",problemas con el viaje,alta
"solicitud conductor lleg√≥ y cancela,se divierte",problemas con el viaje,alta
solicitud conductor no est√° bien la ubicaci√≥n,problemas con la cuenta/app,alta
solicitud conductor no espero estaba en otro lugar,problemas con el viaje,alta
llamada a conductor desde historial para tener de referencia,otros problemas,baja
solicitud conductor justo llegando a la ubicaci√≥n al cliente me cancela la carrera,problemas con el viaje,alta
solicitud conductor tiene otro n√∫mero telef√≥nico no es del cliente no fui,otros problemas,baja
solicitud conductor cliente tomo otro taxi,problemas con el viaje,alta
solicitud conductor no contesta las llamadas,problemas con el viaje,alta
solicitud conductor cliente pude y no salio me fui mal cliente,problemas con el viaje,alta
solicitud conductor no contesta mensajes,problemas con el viaje,alta
solicitud conductor no sale nada mucho tiempo me retiro,problemas con el viaje,alta
solicitud conductor p√©simo cliente indica que est√° a bordo y se va en otro taxi no se para que utilice el aplicativo,problemas con el viaje,alta
solicitud conductor nunca salioooo,problemas con el viaje,alta
solicitud conductor el cliente indica que se encuentra en otra ubicaci√≥n,problemas con el viaje,alta
solicitud conductor sevan en otro taxi,problemas con el viaje,alta
carrera estoy aqu√≠,problemas con el viaje,alta
solicitud cliente no llega al destino asignado,problemas con el viaje,alta
perdida de llaves  buenas noches disculpe el d√≠a s√°bado se me cayeron unas llaves en una unidad me puede ayudar verificando por favor,objetos perdidos,urgente
solicitud conductor tiene mucha carga,otros problemas,baja
solicitud cliente mal servici√≥   nunca lleg√≥,problemas con el viaje,alta
solicitud cliente bueno ya no nos contest√≥ ya nos fuimos,problemas con el viaje,alta
solicitud conductor cliente pide la unidad y elimina,problemas con el viaje,alta
solicitud conductor no tiene para pagar la cc ü§¨ü§¨üò°üò†,problemas con el pago,inmediata
enviar una unidad me podr√≠a mandar una unidad a via monay  baguanchi,otros problemas,baja
solicitud cliente otros,otros problemas,baja
solicitud conductor cancela la carrera,problemas con el viaje,alta
pre-registro #2350579450  #estoydispuestoalcambio   | cliente  para comprar,mensaje de operador,baja
pre-registro #2350579450  #estoydispuestoalcambio  #quieroserconductor | cliente para hacer compras,mensaje de operador,baja
eliminar cuenta mi c√©dula no le coge para validarla,problemas con la cuenta/app,alta
solicitud cliente no fui yo,otros problemas,baja
eliminar cuenta si no puedo,problemas con la cuenta/app,alta
solicitud conductor es para llevar mascota no le puedo servir,problemas con el viaje,alta
solicitud conductor el cliente cancelo la carerra,problemas con el viaje,alta
eliminar cuenta no sirve mi c√©dula para registrar un pago con mi tarjeta,problemas con el pago,inmediata
***solicitud conductor esta sra sra me deja pagando 2 dolares marco 2con 35 con jente as√≠ no hay como trabajar,problemas con el pago,inmediata
solicitud conductor p√©simo cliente le molesta todo hasta que llueva,otros problemas,baja
solicitud conductor csbce,otros problemas,baja
solicitud cliente no vino,problemas con el viaje,alta
solicitud conductor cancela la soli igual,problemas con el viaje,alta
solicitud conductor solicitud falsa,otros problemas,baja
solicitud conductor p√©sima clienta nunca sali√≥ ni contesta las llamadas,problemas con el viaje,alta
solicitud conductor finalizo la carrera,problemas con el viaje,alta
solicitud conductor cliente hace relajo x no pagar no pago la carrera,problemas con el pago,inmediata
llamada a conductor desde historial diego,otros problemas,baja
solicitud conductor p√©simo cliente cancela cuando se llega,problemas con el viaje,alta
llamada a conductor desde historial lenin,otros problemas,baja
***solicitud cliente tax√≠metro malo  actitud desagradable,problemas con el pago,inmediata
llamada a conductor desde historial si me puede hacer una carrera,otros problemas,baja
eliminar cuenta no me registran viajes,problemas con la cuenta/app,alta
llamada a conductor desde historial taxi,otros problemas,baja
solicitud conductor cancela el mal cliente,problemas con el viaje,alta
llamada a conductor desde historial logr√©,otros problemas,baja
solicitud conductor se va en otro taxi,problemas con el viaje,alta
llamada a conductor desde historial ta  de u,otros problemas,baja
solicitud conductor me est√° finalizando no pone raz√≥n,otros problemas,baja
solicitud conductor m√°s o menos,otros problemas,baja
solicitud conductor se ha ido ya,problemas con el viaje,alta
unidad para trasladar a latacunga  precio a la ciudad de latacunga por persona en este momento estamos en el parque montalvo,otros problemas,baja
solicitud conductor pide y finaliza la carrera cuando uno ya est√° en el lugar y m√°s hace perder el tiempo,problemas con el viaje,alta
solicitud conductor solicita con una mascota,problemas con el viaje,alta
solicitud conductor quiere llevar a una mascota,problemas con el viaje,alta
llamada a conductor desde historial wilso,otros problemas,baja
deseo un taxi  quer√≠a un n√∫mero de un taxista para las cuatro de la ma√±ana,otros problemas,baja
solicitud cliente est√° lejos,otros problemas,baja
solicitud cliente pasa mucho en el celular,problemas de seguridad,inmediata
solicitud conductor se√±orita sale y dice q no se va llega otro taxi y se va ehi,problemas con el viaje,alta
llamada a conductor desde historial freddy,otros problemas,baja
solicitud conductor lastima de clientes mas hacen perder el tiempo,problemas con el viaje,alta
**solicitud conductor es la se√±orita jugando con la app,problemas de comportamiento,urgente
solicitud conductor p√©simo no sale nada llego al lugar y me pone a bordo,problemas con el viaje,alta
llamada a conductor desde historial esae,otros problemas,baja
llamada a conductor desde historial a√±adimos,otros problemas,baja
solicitud conductor nunca salio ni contesta el tel√©fono ni  sms,problemas con el viaje,alta
solicitud conductor cliente no pone bien la direcci√≥n,problemas con la cuenta/app,alta
solicitud conductor desea una compra,otros problemas,baja
solicitud conductor cliente solicita y cuando ya le asigna la solicitud pone q ya esta a bordo y ya x segunda ocasi√≥n en menos de 8 minutos seguidos,problemas con el viaje,alta
solicitud conductor usuario debi√≥ solicitar con opci√≥n mascotas,otros problemas,baja
solicitud conductor solicita el taxi con demasiada mucha anticipaci√≥n,problemas con el viaje,alta
perdida de pertenencia  se nos quedo la mochila de mi amigo en un taxi,objetos perdidos,urgente
solicitud cliente acoso  actitud desagradable,problemas de comportamiento,urgente
solicitud conductor no puede utilizar clipp,otros problemas,baja
llamada a conductor desde historial buenas noches una consulta el d√≠a 28 de diciembre me hizo una carrera usted talves no se qued√≥ unas llaves de un carro en su unidad espero su repuesta,objetos perdidos,urgente
perdida buenas noches talves en su unidad no se me quedo unas llaves de un carro,objetos perdidos,urgente
solicitud cliente no llego a cojido otra carrera,problemas con el viaje,alta
llamada a conductor desde historial hola,otros problemas,baja
llamada a conductor desde historial fuf,otros problemas,baja
solicitud conductor cliente de burla no sale,problemas con el viaje,alta
solicitud conductor me retiro del lugar,problemas con el viaje,alta
solicitud conductor quiere pagar 3 d√≥lares de turi al parque calder√≥n y son 7 y ninguna unidad va a llevar a 7 es un es abus√≥ x parte del cliente,problemas con el pago,inmediata
solicitud conductor me cancela la solicitud cuando llego a √±a ubiccion,problemas con el viaje,alta
eliminar cuenta n/aaaaaaaaa,problemas con la cuenta/app,alta
"solicitud cliente cancel√≥ solicitud, nunca lleg√≥",problemas con el viaje,alta
solicitud conductor no sale nada de eso se lo mando a la casa de dos pisos,problemas con el viaje,alta
solicitud cliente vale vrga,vocabulario inadecuado,alta
solicitud cliente no me recogi√≥,otros problemas,baja
solicitud conductor el cliente cancela la solicitud,problemas con el viaje,alta
solicitud conductor no sale nada me tiene parado afuera y nada m√°s tanto tiempo,problemas con el viaje,alta
solicitud conductor √º,otros problemas,baja
solicitud conductor le pite le llam√© al celular cuando llegue al punto y nunca salio,otros problemas,baja
solicitud conductor muy majadera prepotente,problemas de comportamiento,urgente
solicitud conductor cliente me cancela llegando,problemas con el viaje,alta
solicitud conductor ya se fue seg√∫n q manera,otros problemas,baja
solicitud conductor cliente no sali√≥ ni contesto los mensajes,problemas con el viaje,alta
compra me pueden hacer una compra,otros problemas,baja
solicitud conductor no  salio,problemas con el viaje,alta
eliminar cuenta no me funciona de manera correcta,problemas con la cuenta/app,alta
solicitud cliente si    veh√≠culo incorrecto,problemas con el viaje,alta
"solicitud conductor usuario indica que cancelo por qr , pero el deposito jamas llego",problemas con el pago,inmediata
solicitud conductor el cliente se ca en otra unidad,problemas con el viaje,alta
solicitud conductor a bordo y todav√≠a no llego ni a la ubicaci√≥n,problemas con el viaje,alta
solicitud cliente vale vrgaaa,vocabulario inadecuado,alta
solicitud conductor cancela la unidad diciendo que est√° a bordo,problemas con el viaje,alta
eliminar cuenta cambio de cuenta,problemas con la cuenta/app,alta
solicitud conductor venezolano trata de robarme,problemas de comportamiento,urgente
solicitud conductor esta finalizando no me voy arriesgar a ir a pasar tiempo,problemas con el viaje,alta
solicitud conductor cliente no necesita el taxi mretiro,otros problemas,baja
solicitud conductor mariados,problemas de comportamiento,urgente
solicitud conductor clientes en estado et√≠lico,problemas de seguridad,inmediata
solicitud conductor cliente no espera y se va en otra unidad pedirle q espere el tiempo q se da,problemas con el viaje,alta
solicitud conductor cliente en estado etilico,otros problemas,baja
solicitud conductor el cliente juega con la app no sale ya van tres unidades q pide,problemas con el viaje,alta
eliminar cuenta eliminar cuenta,problemas con la cuenta/app,alta
solicitud cliente ch√≥fer demasiado grosero  velocidad excesiva  actitud desagradable,problemas con el viaje,alta
deseo solicitar el servicio  no puedo solicitar el servicio,otros problemas,baja
solicitud conductor el cliente indica q son 5 y no ay como llevar as√≠ la cantidad d gente,otros problemas,baja
solicitud conductor se le puede ayudar xq tiene mascota se le explica q puede solicitar aqu√≠ mismo ese servicio ya no cuento para ese servicio,otros problemas,baja
solicitud conductor no contesta,problemas con el viaje,alta
solicitud cliente precio exagerado,otros problemas,baja
falta atencion buenas noches stoy solicitando un taxi y no hay respuesta por favor quisiera saber motivo la semana pasada sucedio lo mismo,otros problemas,baja
solicitud conductor se tarda en salir demasiado,otros problemas,baja
solicitud conductor me dio otra direccion.,otros problemas,baja
solicitud conductor no sale ss es,problemas con el viaje,alta
solicitud conductor pide dos unidades al mismo lugar y se va con el otro compa√±ero tener mucho en cuenta con estos clientes,problemas con el viaje,alta
solicitud conductor mas seriedad,problemas con el viaje,alta
solicitud cliente te lleva por donde le da la gana   actitud desagradable,problemas de comportamiento,urgente
solicitud conductor no se van nada hacen pasar tiempo estam borrachos,problemas de seguridad,inmediata
solicitud conductor no coincide √±a ub8cacion,problemas con la cuenta/app,alta
solicitud conductor cliente cancela la solicitud cuando ya estoy en la direcci√≥n,problemas con el viaje,alta
solicitud conductor pide varias veces,otros problemas,baja
solicitud conductor indica que est√° abordo,problemas con el viaje,alta
solicitud conductor cliente cancel√≥ antes de hora estando en camino,problemas con el viaje,alta
llamada a conductor desde historial quiz√°s me olvid√© el celular,objetos perdidos,urgente
solicitud conductor la ubicaci√≥n est√° mal,problemas con la cuenta/app,alta
solicitud cliente nunca llego  nunca lleg√≥,problemas con el viaje,alta
***solicitud cliente velocidad excesiva  llev√≥ otro cliente  veh√≠culo incorrecto  actitud desagradable  cancel√≥ solicitud  nunca lleg√≥,problemas con el viaje,alta
solicitud cliente retraso llegar a mi trabajo   llev√≥ otro cliente,problemas con el viaje,alta
solicitud conductor cliente no esper√≥,problemas con el viaje,alta
solicitud conductor cliente no espero se fue,problemas con el viaje,alta
solicitud conductor sin dinero la se√±orita,problemas con el pago,inmediata
solicitud conductor el cliente se fu√© en otra unidad,problemas con el viaje,alta
"solicitud conductor no sale ,bloquear",problemas con el viaje,alta
solicitud conductor p√©simo no espera,problemas con el viaje,alta
solicitud conductor cliente cancela la solicitud al momento de llegar,problemas con el viaje,alta
"solicitud conductor el cliente no sali√≥, se fu√© en otra unidad",problemas con el viaje,alta
solicitud conductor no sale nadien se le llama y no contesta,problemas con el viaje,alta
solicitud conductor cliente no contesta ni mensajes ni llamadas no salio,problemas con el viaje,alta
solicitud cliente llev√≥ otro cliente  actitud desagradable  cancel√≥ solicitud,problemas con el viaje,alta
solicitud conductor n,otros problemas,baja
solicitud conductor no v,otros problemas,baja
solicitud conductor hace perder tiempo y venir de gana y no asoma,problemas con el viaje,alta
solicitud conductor nunca sali√≥,problemas con el viaje,alta
solicitud conductor cancela la solicitud,problemas con el viaje,alta
reclamo  para darte a conocer acerca de un conductor que le dej√© el cambio para la siguiente carrera y no me me hizo la devoluci√≥n,problemas con el pago,inmediata
solicitud conductor ya llegando y cancela si no desea no pida gracias,problemas con el viaje,alta
solicitud conductor demora mucho,problemas con el viaje,alta
solicitud conductor dijo q ya no necesitaba el taxi,problemas con el viaje,alta
solicitud cliente no tenia sueltos,problemas con el pago,inmediata
solicitud conductor el cliente se sue en otro taxi,problemas con el viaje,alta
solicitud conductor ya se a retirado,problemas con el viaje,alta
solicitud conductor pesimas cliente no espera unidad,problemas con el viaje,alta
solicitud conductor nadie sale,otros problemas,baja
solicitud conductor malo,otros problemas,baja
solicitud cliente p√©simo,otros problemas,baja
solicitud conductor se fue en otro taxi y puso q la carrera a sido culminada,problemas con el viaje,alta
solicitud conductor cliente a bordo,otros problemas,baja
solicitud conductor el cliente cancela la solicitud cuando llegue al lugar y se va en otra unidad,problemas con el viaje,alta
solicitud conductor cliente no sale mucho tiempo esperando y no contesta el celular,problemas con el viaje,alta
solicitud conductor no respeta mal educada,problemas de comportamiento,urgente
"solicitud cliente p√©simo servicio, lamentablemente una persona miy grosera   actitud desagradable",problemas de comportamiento,urgente
solicitud conductor cliente cancelo solicitud,problemas con el viaje,alta
solicitud conductor no sale el pasajero,problemas con el viaje,alta
"solicitud cliente jam√°s recib√≠ el taxi, recogi√≥ a otra persona. deber√≠an tener presente e indagar al momento de recoger al cliente. mal servicio el del d√≠a de hoy",problemas con el viaje,alta
solicitud conductor cliente no respond . se ha ido,otros problemas,baja
solicitud conductor cliente no sali√≥ y me retire,problemas con el viaje,alta
solicitud conductor no salio el cliente,problemas con el viaje,alta
solicitud cliente llev√≥ otro cliente  actitud desagradable,problemas con el viaje,alta
solicitud conductor despota no espera que se baje otro cliente y comienza a parar otros taxis,problemas de comportamiento,urgente
solicitud conductor pesimo usuario pesimo,problemas con el viaje,alta
solicitud conductor el cliente no sale indica que la carrera est√° concluida se est√° en el lugar,problemas con el viaje,alta
"solicitud cliente tiene su tax√≠metro alterado, no puede ser que una carrera normal de mi casa a la universidad del azuay, que por lo general me cobran 2.5, me cobr√≥ 4.5",problemas con el pago,inmediata
solicitud conductor la peor clienta nunca salio,problemas de seguridad,inmediata
solicitud conductor cliente cansela la carrera,problemas con el viaje,alta
solicitud conductor pide x gusto,problemas con el viaje,alta
solicitud conductor se le llama y el cliente no contesta,problemas con el viaje,alta
solicitud conductor pesimo no salio,problemas con el viaje,alta
solicitud cliente recogi√≥ a otra persona,problemas de seguridad,inmediata
solicitud conductor estando en el punto cancelo,problemas con el viaje,alta
"solicitud cliente cobro excesivo, como siempre!  cobro inadecuado",problemas con el pago,inmediata
quiero eliminar mi anterior correo registrado buenos d√≠as quisiera eliminar mi anterior correo registrado ya o mi usuario ya que no me permite ing,problemas con la cuenta/app,alta
solicitud cliente nunca llego   nunca lleg√≥,problemas con el viaje,alta
solicitud conductor pide 2 sistemas de servicio d e taxi al ver que lleg√≥ se r√≠e como que es chiste. hacer perde tiempo...,problemas con el viaje,alta
solicitud conductor majadero,problemas de comportamiento,urgente
solicitud conductor cliente no aparese no cotesta telefono ni mensajes creo que juega con la app,problemas con la cuenta/app,alta
solicitud conductor nunca espero cancelo,problemas con el viaje,alta
solicitud conductor no nca sali√≥ este cliente,problemas con el viaje,alta
solicitud conductor malo pone propina y no da nd,otros problemas,baja
solicitud cliente tax√≠metro cobra m√°s de lo que es la carrera   cobro inadecuado,problemas con el pago,inmediata
solicitud conductor se demora en salir,problemas de seguridad,inmediata
solicitud conductor se va en otro taxi actitud grosera,problemas de comportamiento,urgente
solicitud conductor cliente  no salio no repondio ni llamadas ni mensajes,problemas de seguridad,inmediata
pre-registro #91222930  #estoydispuestoalcambio  #quieroserconductor | me gustar√≠a poder ser un conductor clipp,mensaje de operador,baja
consulta  se debe aplicar el taximetro o cobrar al gusto,problemas con el pago,inmediata
solicitud conductor no paga x la mascota y no pide el servicio de mascotas,problemas con el viaje,alta
"solicitud cliente muy sucia la unidad, olor a caca.",problemas de comportamiento,urgente
pre-registro #91222930  #estoydispuestoalcambio  #quieroserconductor | me gustar√≠a hacer un conductor clipp,mensaje de operador,baja
solicitud conductor esta mal la direcci√≥n....,problemas con la cuenta/app,alta
solicitud conductor servicio no realizado,problemas de seguridad,inmediata
solicitud conductor nunca salio ni contesta llamadas ni mensajes,problemas de seguridad,inmediata
solicitud conductor bloquear por favor,otros problemas,baja
solicitud cliente velocidad excesiva  actitud desagradable,problemas de seguridad,inmediata
solicitud conductor no sale nadie,problemas con el viaje,alta
"solicitud cliente cobro excesivo, primero quizo cobrar 5,25 y despu√©s cobro 4 cuando esa carrera al mismo lugar que es por 3,50.",problemas con el pago,inmediata
solicitud conductor no sale el cliente ya espero mas de 10 minutis,problemas con el viaje,alta
consulta objeto extraviado el dia viernes tome un taxi a las once pm     me gustaria que consulten con el se√±or conductor si de casualidad deje botados en la unidad unos audifonos   quedo muy agradecido en que le puedan consultar,objetos perdidos,urgente
solicitud cliente mucha vuelta para llegar al destino. p√©simo servicio,problemas con el viaje,alta
llamada a conductor desde historial q me ayude cambiando el cilindro de gas q pedi,otros problemas,baja
eliminar cuenta no necesito taxi,problemas con la cuenta/app,alta
solicitud conductor cliente no espera el tiempo que se le indica se va en otro taxi se le llama desvia la llamada se le env√≠a mensaje no responde,problemas con el viaje,alta
solicitud conductor pide y luego no necesita,problemas con el viaje,alta
solicitud conductor la unidad estaba esperando,problemas con el viaje,alta
solicitud conductor no sale nadie ya le he esperado 5 minutos y no da se√±ales de vida,problemas con el viaje,alta
solicitud conductor pide uno llega y dice que no desea,problemas con el viaje,alta
solicitud conductor nvnvkvkvkvkvnvg,otros problemas,baja
solicitud conductor no respondi√≥ no asomo imposible esperar mucho tiempo no le serv√≠,problemas con el viaje,alta
solicitud conductor p√©simo cliente ya llegando al destino se van a otro taxi,problemas con el viaje,alta
solicitud conductor xxxffffffffggg,otros problemas,baja
pre-registro #1725788523  #estoydispuestoalcambio  #quieroserconductor | buenos d√≠as me gustar√≠a ser parte de esta plataforma porfavor,mensaje de operador,baja
solicitud conductor hace esperar y no utiliza la unidad,problemas con el viaje,alta
solicitud conductor no esper√≥.....,problemas con el viaje,alta
"solicitud cliente el tax√≠metro estaba en 1,50",problemas con el pago,inmediata
solicitud cliente cabro mentiroso,otros problemas,baja
solicitud conductor cliente tiene informaci√≥n falsa el n√∫mero de contacto no es el mismo pidi√≥ carrera y llame me dice que no a pedido nada,problemas con el viaje,alta
solicitud conductor mucho  tiempo de espera  no sale nadie,problemas con el viaje,alta
solicitud conductor estuvo con 2 mascotas,otros problemas,baja
solicitud conductor no sale me retiro,problemas con el viaje,alta
solicitud conductor bot√≥n abordo desactivado,otros problemas,baja
solicitud conductor cliente cancelo la carrera,problemas con el viaje,alta
solicitud conductor cliente cancelo la carrera o tomo otra unidad,problemas con el viaje,alta
solicitud conductor cliente hace llegar al punto y cancela la solicitud,problemas con el viaje,alta
consulta por favor quiero saber los datos de un conductor que me hizo la carrera el uno de enero a las dos y cuarenta y cuatro de la ma√±ana desde la av manuel zambrano y brasil por un objeto perdido celular y cargador que el pasajero asegura haberle entregado al conductor,objetos perdidos,urgente
pre-registro #1724387673  #estoydispuestoalcambio  #quieroserconductor | quiero trabajar  de conductor,mensaje de operador,baja
solicitud cliente mala educaci√≥n y quiere cobrar de mas el maldito insecto ese  velocidad excesiva  llev√≥ otro cliente  veh√≠culo incorrecto  actitud desagradable  cancel√≥ solicitud  nunca lleg√≥,vocabulario inadecuado,alta
solicitud conductor mal dada la direccion,problemas con el viaje,alta
solicitud cliente xxx,otros problemas,baja
solicitud conductor el cliente hace venir a lugar se lle llama y dice espere no puede hacer perder tiempo,problemas con el viaje,alta
solicitud conductor cancela cuando le mando la notificaci√≥n que llegue,problemas con el viaje,alta
solicitud conductor no sale y no puedo parar mucho tiempo,problemas con el viaje,alta
solicitud cliente no desea llevar una encomienda,otros problemas,baja
pre-registro #170825051  #estoydispuestoalcambio  #quieroserconductor | quiero empezar a trabajar ya que tengo mi veh√≠culo propio todo legalizado,mensaje de operador,baja
solicitud conductor me cancelo,problemas con el viaje,alta
solicitud conductor cancela al momento de llegar,problemas con el viaje,alta
pre-registro #1708250251  #estoydispuestoalcambio  #quieroserconductor | quiero ser conductor ya que tengo mi veh√≠culo propio y todo legalizado,mensaje de operador,baja
solicitud conductor cliente no sale y finaliza carrera,problemas con el viaje,alta
solicitud conductor muy grosero  el cliente üò° pp,problemas de comportamiento,urgente
solicitud conductor no pone bien  la direcci√≥n,problemas con la cuenta/app,alta
m√°s seriedad con los sr conductores de les manda una encomienda a que dejen y nunca llegan  m√°s seriedad x favor,problemas con el viaje,alta
solicitud conductor cancelo. ..cuando. llegue.,problemas con el viaje,alta
"solicitud cliente p√©simo servicio, el ch√≥fer no quer√≠a aceptar la tarifa acordada en el aplicativo... nos trato muy mal",problemas de comportamiento,urgente
solicitud cliente incumplido,otros problemas,baja
solicitud conductor no salio no contesta llamada,problemas con el viaje,alta
solicitud conductor cliente puso a bordo y no fu√© as√≠,problemas con el viaje,alta
solicitud conductor no sale no responde  los mensajes,problemas con el viaje,alta
solicitud conductor mal cliente me ase esperar demaciado tiempo y no sale,problemas con el viaje,alta
pre-registro #1708250251  #estoydispuestoalcambio  #quieroserconductor | deseo ser conductor ya que tengo mi veh√≠culo propio,mensaje de operador,baja
solicitud conductor no hay nadie en el lugar y no resp el chat no es cancelada es dq no sale el cliente,problemas con el viaje,alta
olvido de una casaca buenos d√≠as el d√≠a de hoy me sub√≠ en un taxi a las nueve y treinta en la gomzalez suarez y huaynacapac y me dej√≥ en el redondel de las cholas de piedra y deje olvidada una casaca negra por favor ay√∫deme,objetos perdidos,urgente
pre-registro #2300068703  #estoydispuestoalcambio  #quieroserconductor | soy conductor,mensaje de operador,baja
solicitud conductor solicita unidad pero nunca sale,problemas con el viaje,alta
solicitud cliente nunca vino,problemas con el viaje,alta
solicitud cliente actitud desagradable  cobro inadecuado  mal estado de veh√≠culo  uso tel√©fono hablo/chat,problemas de comportamiento,urgente
solicitud conductor no. sale. no contesta pesimo,problemas con el viaje,alta
"solicitud conductor cliente hace ir envano, no sale",problemas con el viaje,alta
llamada a conductor desde historial ca√≠da de una billetera en el m√≥vil,objetos perdidos,urgente
"solicitud conductor la clienta me dijo q ya no , la estuve llamando para q me asegure q no necesitaba la unidad y no contesta",problemas con el viaje,alta
solicitud conductor demas,otros problemas,baja
solicitud conductor cliente se ah ido,problemas con el viaje,alta
"solicitud conductor no reviso la placa , tomo cualquier carro",problemas con el viaje,alta
solicitud conductor demora mucho tiempo y quedo ay,problemas con el viaje,alta
solicitud conductor actitud desagradable y exigente cliente prepotente,problemas de comportamiento,urgente
solicitud conductor el cliente hace venir en vano no aparece por ning√∫n lado,otros problemas,baja
contrataci√≥n de camionetas o mini camiones buenas tardes por favor necesitamos contratar una camioneta o mini cami√≥n para una mudanza,otros problemas,baja
solicitud conductor cancelo cuando estuve en camino,problemas con el viaje,alta
solicitud conductor pe,otros problemas,baja
solicitud conductor cancel√≥ la carrera estando ya cerca mal cliente,problemas con el viaje,alta
solicitud conductor no cotesta,otros problemas,baja
solicitud conductor no hay el cliente,problemas con el viaje,alta
solicitud conductor no sali√≥ y no respondi√≥ la llamada,problemas con el viaje,alta
solicitud conductor no s√© realiza la carrera cliente pone q acepte que est√° a bordo  se le llama y nunca contesto pesimo cliente hacen perder tiempo,problemas con el viaje,alta
solicitud conductor nunca sali√≥ tuve que cancelar la carrera,problemas con el viaje,alta
"solicitud cliente esta de arreglar el tax√≠metro el se√±or me cobro 2,90 diferente a lo que marco claro el dijo que es chofer y fue muy amable s√≥lo esa inquietud",problemas con el pago,inmediata
solicitud conductor se va en otro carro antes del tiempo,problemas con el viaje,alta
"eliminar cuenta ninguna, cambio de celular",problemas con la cuenta/app,alta
solicitud conductor el cliente llama y se va en otro taxi,problemas con el viaje,alta
solicitud conductor nunca sa,otros problemas,baja
solicitud conductor se fue en otra unidad,problemas con el viaje,alta
solicitud conductor pone mal la ubicaci√≥n llego y se va en otro taxi,problemas con el viaje,alta
solicitud cliente el se√±or lleva por rutas alternas para pode cobrar mas dinero esa es una falta de respeto que un cliente tenga una ruta de 5 minutos y el haga 15   actitud desagradable,problemas de comportamiento,urgente
solicitud cliente debe avisar   llev√≥ otro cliente  veh√≠culo incorrecto  nunca lleg√≥,problemas con el viaje,alta
solicitud cliente demasiada vuelta para llegar al destino,problemas con el viaje,alta
solicitud cliente no llego el taxi,problemas con el viaje,alta
solicitud conductor lopeor,otros problemas,baja
solicitud conductor coje de la calle,otros problemas,baja
solicitud conductor cliente falso,otros problemas,baja
llamada a conductor desde historial necesito saber si se me olvid√≥ una funda en la unidad,objetos perdidos,urgente
pre-registro #0201197613  #estoydispuestoalcambio  #quieroserconductor | estoy tratando de recuperar porque lo desinstale la aplicacion,mensaje de operador,baja
solicitud conductor cliente pide x gusto la unidad,problemas con el viaje,alta
solicitud conductor no sale mucho tiempo esperando,problemas con el viaje,alta
tengo perdido un celular en una de las unidades q me acabo de abajar necesito ayuda,objetos perdidos,urgente
solicitud conductor le falle tuve un inconveniente,otros problemas,baja
solicitud conductor camcela,otros problemas,baja
"falta de respeto, no paga completo, venezolana mal educada  no paga la carrera completa, deja insultando y menospreciando, encima le espero m√°s de 5 minutos y quiere que valla m√°s r√°pido de lo normal, bloquear",problemas de comportamiento,urgente
solicitud conductor mala ubicaci√≥n del mapa,problemas con la cuenta/app,alta
solicitud conductor cliente me escribi√≥ que no necesita el taxi üöñ,otros problemas,baja
solicitud conductor no entra kas cosas q quiere levar,otros problemas,baja
solicitud cliente pesimo servicio  nunca lleg√≥,problemas con el viaje,alta
solicitud conductor gkfrye7r7rkfkgl,otros problemas,baja
solicitud conductor la cliente dice que no est√° lista todav√≠a qu√© le esper√© ya le esper√≥ pero no sale,problemas con el viaje,alta
"solicitud cliente te carga como saco de papa, sin aire y tras eso carero  velocidad excesiva  actitud desagradable",problemas de comportamiento,urgente
solicitud conductor cogi√≥ otra unidad,problemas con el viaje,alta
solicitud conductor nunca bordo,problemas con el viaje,alta
solicitud conductor cliente no espera,problemas con el viaje,alta
solicitud conductor cliente cancela,problemas con el viaje,alta
solicitud conductor quiere llevar una mascota grade y suelta. dentro el veh√≠culo por lo cual le dije q no y me retire gracias,otros problemas,baja
solicitud conductor solicita mal,otros problemas,baja
solicitud conductor nunca salio ....,problemas con el viaje,alta
solicitud conductor no paga completo,problemas con el pago,inmediata
solicitud cliente no espero uy se fue    llev√≥ otro cliente,problemas con el viaje,alta
solicitud conductor nunca,otros problemas,baja
solicitud conductor ponga bien la direcci√≥n,problemas con la cuenta/app,alta
"solicitud conductor p√©simo cliente, paga lo que le da la gana",otros problemas,baja
solicitud cliente q mal servicio de parte del se√±or yo siempre ocupo la aplicaci√≥n y primera ves me pasa este p√©simo servicio   nunca lleg√≥,problemas con el viaje,alta
solicitud conductor cancela al llegar,problemas con el viaje,alta
carrera  lavadora iberia,otros problemas,baja
solicitud conductor se fue en un taxi electrico,otros problemas,baja
solicitud cliente antes de abordar ya tiene puesto el tax√≠metro .. adem√°s cobra dem√°s redondeando el valor a su conveniencia.,problemas con el pago,inmediata
solicitud conductor no responde llamadas ni sms,problemas con el viaje,alta
solicitud conductor mil disculpa en el trayecto se da√±o el carro,otros problemas,baja
"solicitud cliente nunca me ense√±o el tax√≠metro , me indica q el costo es m√°s cuando tienen q ir a recoger",problemas con el pago,inmediata
solicitud cliente cobro de mas,problemas con el pago,inmediata
solicitud conductor yo no s√© para qu√© piden si no van a esperar,problemas con el viaje,alta
solicitud conductor clienta  agresiva pir ir por otra rutas,otros problemas,baja
solicitud conductor no estuvo bien la ubicaci√≥n,problemas con la cuenta/app,alta
pre-registro #176124830  #estoydispuestoalcambio  #quieroserconductor | quiero ser parte como conductor,mensaje de operador,baja
solicitud conductor cliente se fue me hace venir por gusto,problemas con el viaje,alta
solicitud conductor llego y cancela la solicitud p√©simo cliente,problemas con el viaje,alta
solicitud conductor cliente cancela y estando en el lugar,problemas con el viaje,alta
solicitud conductor el cliente no espera la unidad se fue en otro amarillo..,problemas con el viaje,alta
solicitud conductor cliente cancela la solicitud me retiro,problemas con el viaje,alta
solicitud conductor demasiada carga 3 quintales de arroz,otros problemas,baja
solicitud cliente no llego nunca    nunca lleg√≥,problemas con el viaje,alta
solicitud conductor hace perder el tiempo si no vaa espera uno contesta,problemas con el viaje,alta
solicitud conductor cliente ya no desea la unidad miente que la ubicaci√≥n es en otro sitio pero la referencia coincide con lo que ella ingres√≥,problemas con el viaje,alta
solicitud conductor cancel√≥ pero volvi√≥ a pedir,otros problemas,baja
solicitud conductor siguiente juega con la aplicaci√≥n de santa mar√≠a del vergel,problemas de comportamiento,urgente
solicitud conductor cliente uso que est√° gordo y no ha llegado,otros problemas,baja
solicitud conductor cliente pide taxi y. lleg√≥ al lugar se  fue en otro,problemas con el viaje,alta
solicitud conductor 101 ese 66 creo que 5 es lo justo desde el benjam√≠n franklin a mi pais,otros problemas,baja
solicitud conductor se va en otro veh√≠culo,problemas con el viaje,alta
solicitud cliente nunca lleg√≥ el taxi,problemas con el viaje,alta
solicitud cliente si    velocidad excesiva,problemas de seguridad,inmediata
solicitud conductor m√°s seriedad,problemas con el viaje,alta
solicitud conductor cliente quiere subir 5 personas mas un perro,otros problemas,baja
solicitud conductor cliente pide la unidad y no sale bloquear por favor,problemas con el viaje,alta
solicitud cliente tom√≥ ruta m√°s larga y dio menos cambi√≥   actitud desagradable,problemas con el pago,inmediata
solicitud cliente velocidad excesiva  llev√≥ otro cliente  veh√≠culo incorrecto  actitud desagradable,problemas de seguridad,inmediata
solicitud conductor p√©simo cliente no espera el taxi,problemas con el viaje,alta
solicitud conductor no est√° el cliente,problemas de seguridad,inmediata
solicitud conductor el gps est√° mal cliente molesto...,problemas con la cuenta/app,alta
solicitud conductor este cliente juega con la aplicasuon bloquiar,problemas de comportamiento,urgente
solicitud conductor cliente no salio ni contesta los mensajes,otros problemas,baja
pre-registro #9170007  #estoydispuestoalcambio  #quieroserconductor | quiero trabajar con clipciudad:tarija  |,mensaje de operador,baja
solicitud conductor cliente se va en otra unidad,problemas con el viaje,alta
solicitud conductor no paga todo lo que marca el taxismo,problemas con el pago,inmediata
"solicitud conductor no responde llamadas ni sms, una perdida de tiempo...",problemas con el viaje,alta
solicitud cliente llov√≠a mucho   nunca lleg√≥,problemas con el viaje,alta
solicitud conductor cliente coloca que esta en el taxi y finaliza la solicitud,problemas con el viaje,alta
solicitud conductor cliente llama molesto q porq no llego le estoy esperando el la ubicacion que me marca la aplicaci√≥n en el colegio benigno malo y el dice q esta en la huaynacapac,problemas con la cuenta/app,alta
solicitud conductor cliente da mala la direcci√≥n hace llegar y no contesta el tel√©fono,problemas con el viaje,alta
pre-registro #105372035  #estoydispuestoalcambio  #quieroserconductor | quiero trabajar con la aplicaci√≥n,mensaje de operador,baja
solicitud conductor cliente 1001 me cancel√≥ la carrera cuando ya estaba llegando a su qth,problemas con el viaje,alta
solicitud conductor revisar por favor el cliente juega con la aplicaci√≥n dise q una consulta y luego no responde  llamadas ni mensajes,problemas con el viaje,alta
le espero le espero,otros problemas,baja
consulta de traslado me pueden trasladar con mi perro al veterinario,otros problemas,baja
solicitud conductor pide la unidad y se sube con perros. y no quiere roconocer el d√≥lar adicional,problemas con el viaje,alta
solicitud conductor mal,otros problemas,baja
